hal_name,name
Gunter Mussbacher,Gunter Mussbacher
Benoit Combemale,Benoit Combemale
Jean-Emile Dartois,Jean-Emile Dartois
Olivier Barais,Olivier Barais
Ludovic Mouline,Ludovic Mouline
Amine Benelallam,Amine Benelallam
François Fouquet,François Fouquet
Johann Bourcier,Johann Bourcier
Jean-Marc Jezequel,Jean-Marc Jézéquel
Benoit Baudry,Benoit Baudry
Thomas Degueule,Thomas Degueule
Nicolas Harrand,Nicolas Harrand
Paul Temple,Paul Temple
Mathieu Acher,Mathieu Acher
Erwan Bousse,Erwan Bousse
Arnaud Blouin,Arnaud Blouin
Oscar Luis Vera-Perez,Oscar Luis Vera-Perez
Djamel Eddine Khelladi,Djamel Eddine Khelladi
Dorian Leroy,Dorian Leroy
Fabien Coulon,Fabien Coulon
Kevin Corre,Kevin Corre
Alexandre Rio,Alexandre Rio
Manuel Leduc,Manuel Leduc
Gerson Sunye,Gerson Sunyé
Oscar Vera-Perez,Oscar Luis Vera-Perez
Nelly Bencomo,Nelly Bencomo
Hugo Martin,Hugo Martin
Juliana Alves Pereira,Juliana Alves Pereira
Gurvan Le Guernic,Gurvan Le Guernic
Gwendal Jouneaux,Gwendal Jouneaux
Pierre Jeanjean,Pierre Jeanjean
Juliana Pereira,Juliana Alves Pereira
Djamel Khelladi,Djamel Eddine Khelladi
Luc Lesoil,Luc Lesoil
Youssou Ndiaye,Youssou Ndiaye
Guillaume Becan,Guillaume Becan
Francois Fouquet,François Fouquet
Didier Vojtisek,Didier Vojtisek
Noël Plouzeau,Noël Plouzeau
Baudry Benoit,Benoît Baudry
J.M. Jezequel,Jean-Marc Jézéquel
Benoît Combemale,Benoit Combemale
Jean-Marc Jezequel.,Jean-Marc Jézéquel
Benoît Baudry,Benoît Baudry
Oscar Vera-Pérez,Oscar Luis Vera-Perez
Oscar Luis Vera-Pérez,Oscar Luis Vera-Perez
Gerson Sunyé,Gerson Sunyé
Jean-Marc Jézéquel.,Jean-Marc Jézéquel
